<?xml version="1.0" encoding="UTF-8" ?>
<class name="EditorNode3DGizmoPlugin" inherits="Resource" xmlns:xsi="http://www.w3.org/2001/XMLSchema-instance" xsi:noNamespaceSchemaLocation="../class.xsd">
	<brief_description>
		A class used by the editor to define Node3D gizmo types.
	</brief_description>
	<description>
		[EditorNode3DGizmoPlugin] allows you to define a new type of Gizmo. There are two main ways to do so: extending [EditorNode3DGizmoPlugin] for the simpler gizmos, or creating a new [EditorNode3DGizmo] type. See the tutorial in the documentation for more info.
		To use [EditorNode3DGizmoPlugin], register it using the [method EditorPlugin.add_node_3d_gizmo_plugin] method first.
	</description>
	<tutorials>
		<link title="Node3D gizmo plugins">$DOCS_URL/tutorials/plugins/editor/3d_gizmos.html</link>
	</tutorials>
	<methods>
		<method name="_begin_handle_action" qualifiers="virtual">
			<return type="void" />
			<param index="0" name="gizmo" type="EditorNode3DGizmo" />
			<param index="1" name="handle_id" type="int" />
			<param index="2" name="secondary" type="bool" />
			<description>
			</description>
		</method>
		<method name="_can_be_hidden" qualifiers="virtual const">
			<return type="bool" />
			<description>
				Override this method to define whether the gizmos handled by this plugin can be hidden or not. Returns [code]true[/code] if not overridden.
			</description>
		</method>
		<method name="_commit_handle" qualifiers="virtual">
			<return type="void" />
			<param index="0" name="gizmo" type="EditorNode3DGizmo" />
			<param index="1" name="handle_id" type="int" />
			<param index="2" name="secondary" type="bool" />
			<param index="3" name="restore" type="Variant" />
			<param index="4" name="cancel" type="bool" />
			<description>
				Override this method to commit a handle being edited (handles must have been previously added by [method EditorNode3DGizmo.add_handles] during [method _redraw]). This usually means creating an [UndoRedo] action for the change, using the current handle value as "do" and the [param restore] argument as "undo".
				If the [param cancel] argument is [code]true[/code], the [param restore] value should be directly set, without any [UndoRedo] action.
				The [param secondary] argument is [code]true[/code] when the committed handle is secondary (see [method EditorNode3DGizmo.add_handles] for more information).
				Called for this plugin's active gizmos.
			</description>
		</method>
		<method name="_commit_subgizmos" qualifiers="virtual">
			<return type="void" />
			<param index="0" name="gizmo" type="EditorNode3DGizmo" />
			<param index="1" name="ids" type="PackedInt32Array" />
			<param index="2" name="restores" type="Transform3D[]" />
			<param index="3" name="cancel" type="bool" />
			<description>
				Override this method to commit a group of subgizmos being edited (see [method _subgizmos_intersect_ray] and [method _subgizmos_intersect_frustum]). This usually means creating an [UndoRedo] action for the change, using the current transforms as "do" and the [param restores] transforms as "undo".
				If the [param cancel] argument is [code]true[/code], the [param restores] transforms should be directly set, without any [UndoRedo] action. As with all subgizmo methods, transforms are given in local space respect to the gizmo's Node3D. Called for this plugin's active gizmos.
			</description>
		</method>
		<method name="_create_gizmo" qualifiers="virtual const">
			<return type="EditorNode3DGizmo" />
			<param index="0" name="for_node_3d" type="Node3D" />
			<description>
				Override this method to return a custom [EditorNode3DGizmo] for the 3D nodes of your choice, return [code]null[/code] for the rest of nodes. See also [method _has_gizmo].
			</description>
		</method>
		<method name="_get_gizmo_name" qualifiers="virtual const">
			<return type="String" />
			<description>
				Override this method to provide the name that will appear in the gizmo visibility menu.
			</description>
		</method>
		<method name="_get_handle_name" qualifiers="virtual const">
			<return type="String" />
			<param index="0" name="gizmo" type="EditorNode3DGizmo" />
			<param index="1" name="handle_id" type="int" />
			<param index="2" name="secondary" type="bool" />
			<description>
				Override this method to provide gizmo's handle names. The [param secondary] argument is [code]true[/code] when the requested handle is secondary (see [method EditorNode3DGizmo.add_handles] for more information). Called for this plugin's active gizmos.
			</description>
		</method>
		<method name="_get_handle_value" qualifiers="virtual const">
			<return type="Variant" />
			<param index="0" name="gizmo" type="EditorNode3DGizmo" />
			<param index="1" name="handle_id" type="int" />
			<param index="2" name="secondary" type="bool" />
			<description>
				Override this method to return the current value of a handle. This value will be requested at the start of an edit and used as the [code]restore[/code] argument in [method _commit_handle].
				The [param secondary] argument is [code]true[/code] when the requested handle is secondary (see [method EditorNode3DGizmo.add_handles] for more information).
				Called for this plugin's active gizmos.
			</description>
		</method>
		<method name="_get_priority" qualifiers="virtual const">
			<return type="int" />
			<description>
				Override this method to set the gizmo's priority. Gizmos with higher priority will have precedence when processing inputs like handles or subgizmos selection.
				All built-in editor gizmos return a priority of [code]-1[/code]. If not overridden, this method will return [code]0[/code], which means custom gizmos will automatically get higher priority than built-in gizmos.
			</description>
		</method>
		<method name="_get_subgizmo_transform" qualifiers="virtual const">
			<return type="Transform3D" />
			<param index="0" name="gizmo" type="EditorNode3DGizmo" />
			<param index="1" name="subgizmo_id" type="int" />
			<description>
				Override this method to return the current transform of a subgizmo. As with all subgizmo methods, the transform should be in local space respect to the gizmo's Node3D. This transform will be requested at the start of an edit and used in the [code]restore[/code] argument in [method _commit_subgizmos]. Called for this plugin's active gizmos.
			</description>
		</method>
		<method name="_has_gizmo" qualifiers="virtual const">
			<return type="bool" />
			<param index="0" name="for_node_3d" type="Node3D" />
			<description>
				Override this method to define which Node3D nodes have a gizmo from this plugin. Whenever a [Node3D] node is added to a scene this method is called, if it returns [code]true[/code] the node gets a generic [EditorNode3DGizmo] assigned and is added to this plugin's list of active gizmos.
			</description>
		</method>
		<method name="_is_handle_highlighted" qualifiers="virtual const">
			<return type="bool" />
			<param index="0" name="gizmo" type="EditorNode3DGizmo" />
			<param index="1" name="handle_id" type="int" />
			<param index="2" name="secondary" type="bool" />
			<description>
				Override this method to return [code]true[/code] whenever to given handle should be highlighted in the editor. The [param secondary] argument is [code]true[/code] when the requested handle is secondary (see [method EditorNode3DGizmo.add_handles] for more information). Called for this plugin's active gizmos.
			</description>
		</method>
		<method name="_is_selectable_when_hidden" qualifiers="virtual const">
			<return type="bool" />
			<description>
				Override this method to define whether Node3D with this gizmo should be selectable even when the gizmo is hidden.
			</description>
		</method>
		<method name="_redraw" qualifiers="virtual">
			<return type="void" />
			<param index="0" name="gizmo" type="EditorNode3DGizmo" />
			<description>
				Override this method to add all the gizmo elements whenever a gizmo update is requested. It's common to call [method EditorNode3DGizmo.clear] at the beginning of this method and then add visual elements depending on the node's properties.
			</description>
		</method>
		<method name="_set_handle" qualifiers="virtual">
			<return type="void" />
			<param index="0" name="gizmo" type="EditorNode3DGizmo" />
			<param index="1" name="handle_id" type="int" />
			<param index="2" name="secondary" type="bool" />
			<param index="3" name="camera" type="Camera3D" />
			<param index="4" name="screen_pos" type="Vector2" />
			<description>
				Override this method to update the node's properties when the user drags a gizmo handle (previously added with [method EditorNode3DGizmo.add_handles]). The provided [param screen_pos] is the mouse position in screen coordinates and the [param camera] can be used to convert it to raycasts.
				The [param secondary] argument is [code]true[/code] when the edited handle is secondary (see [method EditorNode3DGizmo.add_handles] for more information).
				Called for this plugin's active gizmos.
			</description>
		</method>
		<method name="_set_subgizmo_transform" qualifiers="virtual">
			<return type="void" />
			<param index="0" name="gizmo" type="EditorNode3DGizmo" />
			<param index="1" name="subgizmo_id" type="int" />
			<param index="2" name="transform" type="Transform3D" />
			<description>
				Override this method to update the node properties during subgizmo editing (see [method _subgizmos_intersect_ray] and [method _subgizmos_intersect_frustum]). The [param transform] is given in the Node3D's local coordinate system. Called for this plugin's active gizmos.
			</description>
		</method>
		<method name="_subgizmos_intersect_frustum" qualifiers="virtual const">
			<return type="PackedInt32Array" />
			<param index="0" name="gizmo" type="EditorNode3DGizmo" />
			<param index="1" name="camera" type="Camera3D" />
			<param index="2" name="frustum_planes" type="Plane[]" />
			<description>
				Override this method to allow selecting subgizmos using mouse drag box selection. Given a [param camera] and [param frustum_planes], this method should return which subgizmos are contained within the frustums. The [param frustum_planes] argument consists of an array with all the [Plane]s that make up the selection frustum. The returned value should contain a list of unique subgizmo identifiers, these identifiers can have any non-negative value and will be used in other virtual methods like [method _get_subgizmo_transform] or [method _commit_subgizmos]. Called for this plugin's active gizmos.
			</description>
		</method>
		<method name="_subgizmos_intersect_ray" qualifiers="virtual const">
			<return type="int" />
			<param index="0" name="gizmo" type="EditorNode3DGizmo" />
			<param index="1" name="camera" type="Camera3D" />
			<param index="2" name="screen_pos" type="Vector2" />
			<description>
				Override this method to allow selecting subgizmos using mouse clicks. Given a [param camera] and a [param screen_pos] in screen coordinates, this method should return which subgizmo should be selected. The returned value should be a unique subgizmo identifier, which can have any non-negative value and will be used in other virtual methods like [method _get_subgizmo_transform] or [method _commit_subgizmos]. Called for this plugin's active gizmos.
			</description>
		</method>
		<method name="add_material">
			<return type="void" />
			<param index="0" name="name" type="String" />
			<param index="1" name="material" type="StandardMaterial3D" />
			<description>
				Adds a new material to the internal material list for the plugin. It can then be accessed with [method get_material]. Should not be overridden.
			</description>
		</method>
		<method name="create_handle_material">
			<return type="void" />
			<param index="0" name="name" type="String" />
			<param index="1" name="billboard" type="bool" default="false" />
			<param index="2" name="texture" type="Texture2D" default="null" />
			<description>
				Creates a handle material with its variants (selected and/or editable) and adds them to the internal material list. They can then be accessed with [method get_material] and used in [method EditorNode3DGizmo.add_handles]. Should not be overridden.
				You can optionally provide a texture to use instead of the default icon.
			</description>
		</method>
		<method name="create_icon_material">
			<return type="void" />
			<param index="0" name="name" type="String" />
			<param index="1" name="texture" type="Texture2D" />
			<param index="2" name="on_top" type="bool" default="false" />
			<param index="3" name="color" type="Color" default="Color(1, 1, 1, 1)" />
			<description>
				Creates an icon material with its variants (selected and/or editable) and adds them to the internal material list. They can then be accessed with [method get_material] and used in [method EditorNode3DGizmo.add_unscaled_billboard]. Should not be overridden.
			</description>
		</method>
		<method name="create_material">
			<return type="void" />
			<param index="0" name="name" type="String" />
			<param index="1" name="color" type="Color" />
			<param index="2" name="billboard" type="bool" default="false" />
			<param index="3" name="on_top" type="bool" default="false" />
			<param index="4" name="use_vertex_color" type="bool" default="false" />
			<description>
				Creates an unshaded material with its variants (selected and/or editable) and adds them to the internal material list. They can then be accessed with [method get_material] and used in [method EditorNode3DGizmo.add_mesh] and [method EditorNode3DGizmo.add_lines]. Should not be overridden.
			</description>
		</method>
		<method name="get_material">
			<return type="StandardMaterial3D" />
			<param index="0" name="name" type="String" />
			<param index="1" name="gizmo" type="EditorNode3DGizmo" default="null" />
			<description>
				Gets material from the internal list of materials. If an [EditorNode3DGizmo] is provided, it will try to get the corresponding variant (selected and/or editable).
			</description>
		</method>
	</methods>
</class>
