<?xml version="1.0" encoding="UTF-8" ?>
<class name="GeometryInstance3D" inherits="VisualInstance3D" xmlns:xsi="http://www.w3.org/2001/XMLSchema-instance" xsi:noNamespaceSchemaLocation="../class.xsd">
	<brief_description>
		Base node for geometry-based visual instances.
	</brief_description>
	<description>
		Base node for geometry-based visual instances. Shares some common functionality like visibility and custom materials.
	</description>
	<tutorials>
		<link title="Visibility ranges (HLOD)">$DOCS_URL/tutorials/3d/visibility_ranges.html</link>
	</tutorials>
	<methods>
		<method name="get_instance_shader_parameter" qualifiers="const">
			<return type="Variant" />
			<param index="0" name="name" type="StringName" />
			<description>
				Get the value of a shader parameter as set on this instance.
			</description>
		</method>
		<method name="set_instance_shader_parameter">
			<return type="void" />
			<param index="0" name="name" type="StringName" />
			<param index="1" name="value" type="Variant" />
			<description>
				Set the value of a shader uniform for this instance only ([url=$DOCS_URL/tutorials/shaders/shader_reference/shading_language.html#per-instance-uniforms]per-instance uniform[/url]). See also [method ShaderMaterial.set_shader_parameter] to assign a uniform on all instances using the same [ShaderMaterial].
				[b]Note:[/b] For a shader uniform to be assignable on a per-instance basis, it [i]must[/i] be defined with [code]instance uniform ...[/code] rather than [code]uniform ...[/code] in the shader code.
				[b]Note:[/b] [param name] is case-sensitive and must match the name of the uniform in the code exactly (not the capitalized name in the inspector).
				[b]Note:[/b] Per-instance shader uniforms are only available in Spatial and CanvasItem shaders, but not for Fog, Sky, or Particles shaders.
			</description>
		</method>
	</methods>
	<members>
		<member name="cast_shadow" type="int" setter="set_cast_shadows_setting" getter="get_cast_shadows_setting" enum="GeometryInstance3D.ShadowCastingSetting" default="1">
			The selected shadow casting flag.
		</member>
		<member name="custom_aabb" type="AABB" setter="set_custom_aabb" getter="get_custom_aabb" default="AABB(0, 0, 0, 0, 0, 0)">
			Overrides the bounding box of this node with a custom one. This can be used to avoid the expensive [AABB] recalculation that happens when a skeleton is used with a [MeshInstance3D] or to have precise control over the [MeshInstance3D]'s bounding box. To use the default AABB, set value to an [AABB] with all fields set to [code]0.0[/code]. To avoid frustum culling, set [member custom_aabb] to a very large AABB that covers your entire game world such as [code]AABB(-10000, -10000, -10000, 20000, 20000, 20000)[/code]. To disable all forms of culling (including occlusion culling), call [method RenderingServer.instance_set_ignore_culling] on the [GeometryInstance3D]'s [RID].
		</member>
		<member name="extra_cull_margin" type="float" setter="set_extra_cull_margin" getter="get_extra_cull_margin" default="0.0">
			The extra distance added to the GeometryInstance3D's bounding box ([AABB]) to increase its cull box.
		</member>
		<member name="gi_lightmap_scale" type="int" setter="set_lightmap_scale" getter="get_lightmap_scale" enum="GeometryInstance3D.LightmapScale" default="0" deprecated="Use [member gi_lightmap_texel_scale] instead.">
			The texel density to use for lightmapping in [LightmapGI].
		</member>
		<member name="gi_lightmap_texel_scale" type="float" setter="set_lightmap_texel_scale" getter="get_lightmap_texel_scale" default="1.0">
			The texel density to use for lightmapping in [LightmapGI]. Greater scale values provide higher resolution in the lightmap, which can result in sharper shadows for lights that have both direct and indirect light baked. However, greater scale values will also increase the space taken by the mesh in the lightmap texture, which increases the memory, storage, and bake time requirements. When using a single mesh at different scales, consider adjusting this value to keep the lightmap texel density consistent across meshes.
			For example, doubling [member gi_lightmap_texel_scale] doubles the lightmap texture resolution for this object [i]on each axis[/i], so it will [i]quadruple[/i] the texel count.
		</member>
		<member name="gi_mode" type="int" setter="set_gi_mode" getter="get_gi_mode" enum="GeometryInstance3D.GIMode" default="1" keywords="global_illumination_mode, light_bake_mode">
			The global illumination mode to use for the whole geometry. To avoid inconsistent results, use a mode that matches the purpose of the mesh during gameplay (static/dynamic).
			[b]Note:[/b] Lights' bake mode will also affect the global illumination rendering. See [member Light3D.light_bake_mode].
		</member>
		<member name="ignore_occlusion_culling" type="bool" setter="set_ignore_occlusion_culling" getter="is_ignoring_occlusion_culling" default="false">
			If [code]true[/code], disables occlusion culling for this instance. Useful for gizmos that must be rendered even when occlusion culling is in use.
			[b]Note:[/b] [member ignore_occlusion_culling] does not affect frustum culling (which is what happens when an object is not visible given the camera's angle). To avoid frustum culling, set [member custom_aabb] to a very large AABB that covers your entire game world such as [code]AABB(-10000, -10000, -10000, 20000, 20000, 20000)[/code].
		</member>
		<member name="lod_bias" type="float" setter="set_lod_bias" getter="get_lod_bias" default="1.0">
			Changes how quickly the mesh transitions to a lower level of detail. A value of 0 will force the mesh to its lowest level of detail, a value of 1 will use the default settings, and larger values will keep the mesh in a higher level of detail at farther distances.
			Useful for testing level of detail transitions in the editor.
		</member>
		<member name="material_overlay" type="Material" setter="set_material_overlay" getter="get_material_overlay">
			The material overlay for the whole geometry.
			If a material is assigned to this property, it will be rendered on top of any other active material for all the surfaces.
		</member>
		<member name="material_override" type="Material" setter="set_material_override" getter="get_material_override">
			The material override for the whole geometry.
			If a material is assigned to this property, it will be used instead of any material set in any material slot of the mesh.
		</member>
		<member name="transparency" type="float" setter="set_transparency" getter="get_transparency" default="0.0" keywords="opacity">
			The transparency applied to the whole geometry (as a multiplier of the materials' existing transparency). [code]0.0[/code] is fully opaque, while [code]1.0[/code] is fully transparent. Values greater than [code]0.0[/code] (exclusive) will force the geometry's materials to go through the transparent pipeline, which is slower to render and can exhibit rendering issues due to incorrect transparency sorting. However, unlike using a transparent material, setting [member transparency] to a value greater than [code]0.0[/code] (exclusive) will [i]not[/i] disable shadow rendering.
			In spatial shaders, [code]1.0 - transparency[/code] is set as the default value of the [code]ALPHA[/code] built-in.
			[b]Note:[/b] [member transparency] is clamped between [code]0.0[/code] and [code]1.0[/code], so this property cannot be used to make transparent materials more opaque than they originally are.
			[b]Note:[/b] Only supported when using the Forward+ rendering method. When using the Mobile or Compatibility rendering method, [member transparency] is ignored and is considered as always being [code]0.0[/code].
		</member>
		<member name="visibility_range_begin" type="float" setter="set_visibility_range_begin" getter="get_visibility_range_begin" default="0.0" keywords="lod_begin, hlod_begin">
			Starting distance from which the GeometryInstance3D will be visible, taking [member visibility_range_begin_margin] into account as well. The default value of 0 is used to disable the range check.
		</member>
		<member name="visibility_range_begin_margin" type="float" setter="set_visibility_range_begin_margin" getter="get_visibility_range_begin_margin" default="0.0" keywords="lod_begin_margin, hlod_begin_margin">
			Margin for the [member visibility_range_begin] threshold. The GeometryInstance3D will only change its visibility state when it goes over or under the [member visibility_range_begin] threshold by this amount.
			If [member visibility_range_fade_mode] is [constant VISIBILITY_RANGE_FADE_DISABLED], this acts as a hysteresis distance. If [member visibility_range_fade_mode] is [constant VISIBILITY_RANGE_FADE_SELF] or [constant VISIBILITY_RANGE_FADE_DEPENDENCIES], this acts as a fade transition distance and must be set to a value greater than [code]0.0[/code] for the effect to be noticeable.
		</member>
		<member name="visibility_range_end" type="float" setter="set_visibility_range_end" getter="get_visibility_range_end" default="0.0" keywords="lod_end, hlod_end">
			Distance from which the GeometryInstance3D will be hidden, taking [member visibility_range_end_margin] into account as well. The default value of 0 is used to disable the range check.
		</member>
		<member name="visibility_range_end_margin" type="float" setter="set_visibility_range_end_margin" getter="get_visibility_range_end_margin" default="0.0" keywords="lod_end_margin, hlod_end_margin">
			Margin for the [member visibility_range_end] threshold. The GeometryInstance3D will only change its visibility state when it goes over or under the [member visibility_range_end] threshold by this amount.
			If [member visibility_range_fade_mode] is [constant VISIBILITY_RANGE_FADE_DISABLED], this acts as a hysteresis distance. If [member visibility_range_fade_mode] is [constant VISIBILITY_RANGE_FADE_SELF] or [constant VISIBILITY_RANGE_FADE_DEPENDENCIES], this acts as a fade transition distance and must be set to a value greater than [code]0.0[/code] for the effect to be noticeable.
		</member>
		<member name="visibility_range_fade_mode" type="int" setter="set_visibility_range_fade_mode" getter="get_visibility_range_fade_mode" enum="GeometryInstance3D.VisibilityRangeFadeMode" default="0" keywords="lod_fade_mode, hlod_fade_mode">
			Controls which instances will be faded when approaching the limits of the visibility range.
		</member>
	</members>
	<constants>
		<constant name="SHADOW_CASTING_SETTING_OFF" value="0" enum="ShadowCastingSetting">
			Will not cast any shadows. Use this to improve performance for small geometry that is unlikely to cast noticeable shadows (such as debris).
		</constant>
		<constant name="SHADOW_CASTING_SETTING_ON" value="1" enum="ShadowCastingSetting">
			Will cast shadows from all visible faces in the GeometryInstance3D.
			Will take culling into account, so faces not being rendered will not be taken into account when shadow casting.
		</constant>
		<constant name="SHADOW_CASTING_SETTING_DOUBLE_SIDED" value="2" enum="ShadowCastingSetting">
			Will cast shadows from all visible faces in the GeometryInstance3D.
			Will not take culling into account, so all faces will be taken into account when shadow casting.
		</constant>
		<constant name="SHADOW_CASTING_SETTING_SHADOWS_ONLY" value="3" enum="ShadowCastingSetting">
			Will only show the shadows casted from this object.
			In other words, the actual mesh will not be visible, only the shadows casted from the mesh will be.
		</constant>
		<constant name="GI_MODE_DISABLED" value="0" enum="GIMode">
			Disabled global illumination mode. Use for dynamic objects that do not contribute to global illumination (such as characters). When using [VoxelGI] and SDFGI, the geometry will [i]receive[/i] indirect lighting and reflections but the geometry will not be considered in GI baking.
		</constant>
		<constant name="GI_MODE_STATIC" value="1" enum="GIMode">
			Baked global illumination mode. Use for static objects that contribute to global illumination (such as level geometry). This GI mode is effective when using [VoxelGI], SDFGI and [LightmapGI].
		</constant>
		<constant name="GI_MODE_DYNAMIC" value="2" enum="GIMode">
			Dynamic global illumination mode. Use for dynamic objects that contribute to global illumination. This GI mode is only effective when using [VoxelGI], but it has a higher performance impact than [constant GI_MODE_STATIC]. When using other GI methods, this will act the same as [constant GI_MODE_DISABLED]. When using [LightmapGI], the object will receive indirect lighting using lightmap probes instead of using the baked lightmap texture.
		</constant>
		<constant name="LIGHTMAP_SCALE_1X" value="0" enum="LightmapScale" deprecated="Use [member gi_lightmap_texel_scale] instead.">
			The standard texel density for lightmapping with [LightmapGI].
		</constant>
		<constant name="LIGHTMAP_SCALE_2X" value="1" enum="LightmapScale" deprecated="Use [member gi_lightmap_texel_scale] instead.">
			Multiplies texel density by 2× for lightmapping with [LightmapGI]. To ensure consistency in texel density, use this when scaling a mesh by a factor between 1.5 and 3.0.
		</constant>
		<constant name="LIGHTMAP_SCALE_4X" value="2" enum="LightmapScale" deprecated="Use [member gi_lightmap_texel_scale] instead.">
			Multiplies texel density by 4× for lightmapping with [LightmapGI]. To ensure consistency in texel density, use this when scaling a mesh by a factor between 3.0 and 6.0.
		</constant>
		<constant name="LIGHTMAP_SCALE_8X" value="3" enum="LightmapScale" deprecated="Use [member gi_lightmap_texel_scale] instead.">
			Multiplies texel density by 8× for lightmapping with [LightmapGI]. To ensure consistency in texel density, use this when scaling a mesh by a factor greater than 6.0.
		</constant>
		<constant name="LIGHTMAP_SCALE_MAX" value="4" enum="LightmapScale" deprecated="Use [member gi_lightmap_texel_scale] instead.">
			Represents the size of the [enum LightmapScale] enum.
		</constant>
		<constant name="VISIBILITY_RANGE_FADE_DISABLED" value="0" enum="VisibilityRangeFadeMode">
			Will not fade itself nor its visibility dependencies, hysteresis will be used instead. This is the fastest approach to manual LOD, but it can result in noticeable LOD transitions depending on how the LOD meshes are authored. See [member visibility_range_begin] and [member Node3D.visibility_parent] for more information.
		</constant>
		<constant name="VISIBILITY_RANGE_FADE_SELF" value="1" enum="VisibilityRangeFadeMode">
			Will fade-out itself when reaching the limits of its own visibility range. This is slower than [constant VISIBILITY_RANGE_FADE_DISABLED], but it can provide smoother transitions. The fading range is determined by [member visibility_range_begin_margin] and [member visibility_range_end_margin].
			[b]Note:[/b] Only supported when using the Forward+ rendering method. When using the Mobile or Compatibility rendering method, this mode acts like [constant VISIBILITY_RANGE_FADE_DISABLED] but with hysteresis disabled.
		</constant>
		<constant name="VISIBILITY_RANGE_FADE_DEPENDENCIES" value="2" enum="VisibilityRangeFadeMode">
			Will fade-in its visibility dependencies (see [member Node3D.visibility_parent]) when reaching the limits of its own visibility range. This is slower than [constant VISIBILITY_RANGE_FADE_DISABLED], but it can provide smoother transitions. The fading range is determined by [member visibility_range_begin_margin] and [member visibility_range_end_margin].
			[b]Note:[/b] Only supported when using the Forward+ rendering method. When using the Mobile or Compatibility rendering method, this mode acts like [constant VISIBILITY_RANGE_FADE_DISABLED] but with hysteresis disabled.
		</constant>
	</constants>
</class>
