<?xml version="1.0" encoding="UTF-8" ?>
<class name="ImageTexture" inherits="Texture2D" xmlns:xsi="http://www.w3.org/2001/XMLSchema-instance" xsi:noNamespaceSchemaLocation="../class.xsd">
	<brief_description>
		A [Texture2D] based on an [Image].
	</brief_description>
	<description>
		A [Texture2D] based on an [Image]. For an image to be displayed, an [ImageTexture] has to be created from it using the [method create_from_image] method:
		[codeblock]
		var image = Image.load_from_file("res://icon.svg")
		var texture = ImageTexture.create_from_image(image)
		$Sprite2D.texture = texture
		[/codeblock]
		This way, textures can be created at run-time by loading images both from within the editor and externally.
		[b]Warning:[/b] Prefer to load imported textures with [method @GDScript.load] over loading them from within the filesystem dynamically with [method Image.load], as it may not work in exported projects:
		[codeblock]
		var texture = load("res://icon.svg")
		$Sprite2D.texture = texture
		[/codeblock]
		This is because images have to be imported as a [CompressedTexture2D] first to be loaded with [method @GDScript.load]. If you'd still like to load an image file just like any other [Resource], import it as an [Image] resource instead, and then load it normally using the [method @GDScript.load] method.
		[b]Note:[/b] The image can be retrieved from an imported texture using the [method Texture2D.get_image] method, which returns a copy of the image:
		[codeblock]
		var texture = load("res://icon.svg")
		var image = texture.get_image()
		[/codeblock]
		An [ImageTexture] is not meant to be operated from within the editor interface directly, and is mostly useful for rendering images on screen dynamically via code. If you need to generate images procedurally from within the editor, consider saving and importing images as custom texture resources implementing a new [EditorImportPlugin].
		[b]Note:[/b] The maximum texture size is 16384×16384 pixels due to graphics hardware limitations.
	</description>
	<tutorials>
		<link title="Importing images">$DOCS_URL/tutorials/assets_pipeline/importing_images.html</link>
	</tutorials>
	<methods>
		<method name="create_from_image" qualifiers="static">
			<return type="ImageTexture" />
			<param index="0" name="image" type="Image" />
			<description>
				Creates a new [ImageTexture] and initializes it by allocating and setting the data from an [Image].
			</description>
		</method>
		<method name="get_format" qualifiers="const">
			<return type="int" enum="Image.Format" />
			<description>
				Returns the format of the texture.
			</description>
		</method>
		<method name="set_image">
			<return type="void" />
			<param index="0" name="image" type="Image" />
			<description>
				Replaces the texture's data with a new [Image]. This will re-allocate new memory for the texture.
				If you want to update the image, but don't need to change its parameters (format, size), use [method update] instead for better performance.
			</description>
		</method>
		<method name="set_size_override">
			<return type="void" />
			<param index="0" name="size" type="Vector2i" />
			<description>
				Resizes the texture to the specified dimensions.
			</description>
		</method>
		<method name="update">
			<return type="void" />
			<param index="0" name="image" type="Image" />
			<description>
				Replaces the texture's data with a new [Image].
				[b]Note:[/b] The texture has to be created using [method create_from_image] or initialized first with the [method set_image] method before it can be updated. The new image dimensions, format, and mipmaps configuration should match the existing texture's image configuration.
				Use this method over [method set_image] if you need to update the texture frequently, which is faster than allocating additional memory for a new texture each time.
			</description>
		</method>
	</methods>
	<members>
		<member name="resource_local_to_scene" type="bool" setter="set_local_to_scene" getter="is_local_to_scene" overrides="Resource" default="false" />
	</members>
</class>
