<?xml version="1.0" encoding="UTF-8" ?>
<class name="PlaceholderMesh" inherits="Mesh" xmlns:xsi="http://www.w3.org/2001/XMLSchema-instance" xsi:noNamespaceSchemaLocation="../class.xsd">
	<brief_description>
		Placeholder class for a mesh.
	</brief_description>
	<description>
		This class is used when loading a project that uses a [Mesh] subclass in 2 conditions:
		- When running the project exported in dedicated server mode, only the texture's dimensions are kept (as they may be relied upon for gameplay purposes or positioning of other elements). This allows reducing the exported PCK's size significantly.
		- When this subclass is missing due to using a different engine version or build (e.g. modules disabled).
	</description>
	<tutorials>
	</tutorials>
	<members>
		<member name="aabb" type="AABB" setter="set_aabb" getter="get_aabb" default="AABB(0, 0, 0, 0, 0, 0)">
			The smallest [AABB] enclosing this mesh in local space.
		</member>
	</members>
</class>
