<?xml version="1.0" encoding="UTF-8" ?>
<class name="ReflectionProbe" inherits="VisualInstance3D" keywords="environment, envmap" xmlns:xsi="http://www.w3.org/2001/XMLSchema-instance" xsi:noNamespaceSchemaLocation="../class.xsd">
	<brief_description>
		Captures its surroundings to create fast, accurate reflections from a given point.
	</brief_description>
	<description>
		Captures its surroundings as a cubemap, and stores versions of it with increasing levels of blur to simulate different material roughnesses.
		The [ReflectionProbe] is used to create high-quality reflections at a low performance cost (when [member update_mode] is [constant UPDATE_ONCE]). [ReflectionProbe]s can be blended together and with the rest of the scene smoothly. [ReflectionProbe]s can also be combined with [VoxelGI], SDFGI ([member Environment.sdfgi_enabled]) and screen-space reflections ([member Environment.ssr_enabled]) to get more accurate reflections in specific areas. [ReflectionProbe]s render all objects within their [member cull_mask], so updating them can be quite expensive. It is best to update them once with the important static objects and then leave them as-is.
		[b]Note:[/b] Unlike [VoxelGI] and SDFGI, [ReflectionProbe]s only source their environment from a [WorldEnvironment] node. If you specify an [Environment] resource within a [Camera3D] node, it will be ignored by the [ReflectionProbe]. This can lead to incorrect lighting within the [ReflectionProbe].
		[b]Note:[/b] When using the Mobile rendering method, only [code]8[/code] reflection probes can be displayed on each mesh resource, while the Compatibility rendering method only supports up to [code]2[/code] reflection probes on each mesh. Attempting to display more than [code]8[/code] reflection probes on a single mesh resource using the Mobile renderer will result in reflection probes flickering in and out as the camera moves, while the Compatibility renderer will not render any additional probes if more than [code]2[/code] reflection probes are being used.
		[b]Note:[/b] When using the Mobile rendering method, reflection probes will only correctly affect meshes whose visibility AABB intersects with the reflection probe's AABB. If using a shader to deform the mesh in a way that makes it go outside its AABB, [member GeometryInstance3D.extra_cull_margin] must be increased on the mesh. Otherwise, the reflection probe may not be visible on the mesh.
	</description>
	<tutorials>
		<link title="Reflection probes">$DOCS_URL/tutorials/3d/global_illumination/reflection_probes.html</link>
	</tutorials>
	<members>
		<member name="ambient_color" type="Color" setter="set_ambient_color" getter="get_ambient_color" default="Color(0, 0, 0, 1)">
			The custom ambient color to use within the [ReflectionProbe]'s box defined by its [member size]. Only effective if [member ambient_mode] is [constant AMBIENT_COLOR].
		</member>
		<member name="ambient_color_energy" type="float" setter="set_ambient_color_energy" getter="get_ambient_color_energy" default="1.0">
			The custom ambient color energy to use within the [ReflectionProbe]'s box defined by its [member size]. Only effective if [member ambient_mode] is [constant AMBIENT_COLOR].
		</member>
		<member name="ambient_mode" type="int" setter="set_ambient_mode" getter="get_ambient_mode" enum="ReflectionProbe.AmbientMode" default="1">
			The ambient color to use within the [ReflectionProbe]'s box defined by its [member size]. The ambient color will smoothly blend with other [ReflectionProbe]s and the rest of the scene (outside the [ReflectionProbe]'s box defined by its [member size]).
		</member>
		<member name="blend_distance" type="float" setter="set_blend_distance" getter="get_blend_distance" default="1.0">
			Defines the distance in meters over which a probe blends into the scene.
		</member>
		<member name="box_projection" type="bool" setter="set_enable_box_projection" getter="is_box_projection_enabled" default="false">
			If [code]true[/code], enables box projection. This makes reflections look more correct in rectangle-shaped rooms by offsetting the reflection center depending on the camera's location.
			[b]Note:[/b] To better fit rectangle-shaped rooms that are not aligned to the grid, you can rotate the [ReflectionProbe] node.
		</member>
		<member name="cull_mask" type="int" setter="set_cull_mask" getter="get_cull_mask" default="1048575">
			Sets the cull mask which determines what objects are drawn by this probe. Every [VisualInstance3D] with a layer included in this cull mask will be rendered by the probe. It is best to only include large objects which are likely to take up a lot of space in the reflection in order to save on rendering cost.
			This can also be used to prevent an object from reflecting upon itself (for instance, a [ReflectionProbe] centered on a vehicle).
		</member>
		<member name="enable_shadows" type="bool" setter="set_enable_shadows" getter="are_shadows_enabled" default="false">
			If [code]true[/code], computes shadows in the reflection probe. This makes the reflection probe slower to render; you may want to disable this if using the [constant UPDATE_ALWAYS] [member update_mode].
		</member>
		<member name="intensity" type="float" setter="set_intensity" getter="get_intensity" default="1.0">
			Defines the reflection intensity. Intensity modulates the strength of the reflection.
		</member>
		<member name="interior" type="bool" setter="set_as_interior" getter="is_set_as_interior" default="false">
			If [code]true[/code], reflections will ignore sky contribution.
		</member>
		<member name="max_distance" type="float" setter="set_max_distance" getter="get_max_distance" default="0.0">
			The maximum distance away from the [ReflectionProbe] an object can be before it is culled. Decrease this to improve performance, especially when using the [constant UPDATE_ALWAYS] [member update_mode].
			[b]Note:[/b] The maximum reflection distance is always at least equal to the probe's extents. This means that decreasing [member max_distance] will not always cull objects from reflections, especially if the reflection probe's box defined by its [member size] is already large.
		</member>
		<member name="mesh_lod_threshold" type="float" setter="set_mesh_lod_threshold" getter="get_mesh_lod_threshold" default="1.0">
			The automatic LOD bias to use for meshes rendered within the [ReflectionProbe] (this is analog to [member Viewport.mesh_lod_threshold]). Higher values will use less detailed versions of meshes that have LOD variations generated. If set to [code]0.0[/code], automatic LOD is disabled. Increase [member mesh_lod_threshold] to improve performance at the cost of geometry detail, especially when using the [constant UPDATE_ALWAYS] [member update_mode].
			[b]Note:[/b] [member mesh_lod_threshold] does not affect [GeometryInstance3D] visibility ranges (also known as "manual" LOD or hierarchical LOD).
		</member>
		<member name="origin_offset" type="Vector3" setter="set_origin_offset" getter="get_origin_offset" default="Vector3(0, 0, 0)">
			Sets the origin offset to be used when this [ReflectionProbe] is in [member box_projection] mode. This can be set to a non-zero value to ensure a reflection fits a rectangle-shaped room, while reducing the number of objects that "get in the way" of the reflection.
		</member>
		<member name="reflection_mask" type="int" setter="set_reflection_mask" getter="get_reflection_mask" default="1048575">
			Sets the reflection mask which determines what objects have reflections applied from this probe. Every [VisualInstance3D] with a layer included in this reflection mask will have reflections applied from this probe. See also [member cull_mask], which can be used to exclude objects from appearing in the reflection while still making them affected by the [ReflectionProbe].
		</member>
		<member name="size" type="Vector3" setter="set_size" getter="get_size" default="Vector3(20, 20, 20)">
			The size of the reflection probe. The larger the size, the more space covered by the probe, which will lower the perceived resolution. It is best to keep the size only as large as you need it.
			[b]Note:[/b] To better fit areas that are not aligned to the grid, you can rotate the [ReflectionProbe] node.
		</member>
		<member name="update_mode" type="int" setter="set_update_mode" getter="get_update_mode" enum="ReflectionProbe.UpdateMode" default="0">
			Sets how frequently the [ReflectionProbe] is updated. Can be [constant UPDATE_ONCE] or [constant UPDATE_ALWAYS].
		</member>
	</members>
	<constants>
		<constant name="UPDATE_ONCE" value="0" enum="UpdateMode">
			Update the probe once on the next frame (recommended for most objects). The corresponding radiance map will be generated over the following six frames. This takes more time to update than [constant UPDATE_ALWAYS], but it has a lower performance cost and can result in higher-quality reflections. The ReflectionProbe is updated when its transform changes, but not when nearby geometry changes. You can force a [ReflectionProbe] update by moving the [ReflectionProbe] slightly in any direction.
		</constant>
		<constant name="UPDATE_ALWAYS" value="1" enum="UpdateMode">
			Update the probe every frame. This provides better results for fast-moving dynamic objects (such as cars). However, it has a significant performance cost. Due to the cost, it's recommended to only use one ReflectionProbe with [constant UPDATE_ALWAYS] at most per scene. For all other use cases, use [constant UPDATE_ONCE].
		</constant>
		<constant name="AMBIENT_DISABLED" value="0" enum="AmbientMode">
			Do not apply any ambient lighting inside the [ReflectionProbe]'s box defined by its [member size].
		</constant>
		<constant name="AMBIENT_ENVIRONMENT" value="1" enum="AmbientMode">
			Apply automatically-sourced environment lighting inside the [ReflectionProbe]'s box defined by its [member size].
		</constant>
		<constant name="AMBIENT_COLOR" value="2" enum="AmbientMode">
			Apply custom ambient lighting inside the [ReflectionProbe]'s box defined by its [member size]. See [member ambient_color] and [member ambient_color_energy].
		</constant>
	</constants>
</class>
