<?xml version="1.0" encoding="UTF-8" ?>
<class name="VSlider" inherits="Slider" xmlns:xsi="http://www.w3.org/2001/XMLSchema-instance" xsi:noNamespaceSchemaLocation="../class.xsd">
	<brief_description>
		A vertical slider that goes from bottom (min) to top (max).
	</brief_description>
	<description>
		A vertical slider, used to adjust a value by moving a grabber along a vertical axis. It is a [Range]-based control and goes from bottom (min) to top (max). Note that this direction is the opposite of [VScrollBar]'s.
	</description>
	<tutorials>
	</tutorials>
	<members>
		<member name="size_flags_horizontal" type="int" setter="set_h_size_flags" getter="get_h_size_flags" overrides="Control" enum="Control.SizeFlags" is_bitfield="true" default="0" />
		<member name="size_flags_vertical" type="int" setter="set_v_size_flags" getter="get_v_size_flags" overrides="Control" enum="Control.SizeFlags" is_bitfield="true" default="1" />
	</members>
</class>
